{
  "spec/lib/payment_processor/go_cardless/transaction_spec.rb": 0.2114410400390625,
  "spec/controllers/plugins/forms_controller_spec.rb": 0.2557485103607178,
  "spec/models/action_user_spec.rb": 0.5442888736724854,
  "spec/lib/payment_processor/braintree/subscription_plan_selector_spec.rb": 0.011257410049438477,
  "spec/lib/payment_processor/currency_spec.rb": 0.05781698226928711,
  "spec/services/call_tool/member_calls_stats_spec.rb": 1.493349313735962,
  "spec/services/postal_validator_spec.rb": 0.013127326965332031,
  "spec/models/share/facebook_spec.rb": 0.3368556499481201,
  "spec/models/payment/go_cardless/customer_spec.rb": 0.09729576110839844,
  "spec/lib/donation_band_converter_spec.rb": 0.006776332855224609,
  "spec/controllers/home_controller_spec.rb": 0.013095378875732422,
  "spec/services/akid_parser_spec.rb": 0.009255409240722656,
  "spec/requests/api/members_spec.rb": 0.1316988468170166,
  "spec/mailers/confirmation_mailer_spec.rb": 0.19921255111694336,
  "spec/services/share_progress_variant_builder_spec.rb": 0.890937089920044,
  "spec/services/page_cloner_spec.rb": 14.11564826965332,
  "spec/lib/payment_processor/go_cardless/subscription_spec.rb": 0.2725386619567871,
  "spec/services/search/page_searcher/single_criterion_search/search_by_campaign_spec.rb": 4.412214756011963,
  "spec/requests/api/stateless/go_cardless/transactions_spec.rb": 0.19536995887756348,
  "spec/services/page_builder_spec.rb": 0.8878293037414551,
  "spec/models/payment/go_cardless/subscription_spec.rb": 0.2954697608947754,
  "spec/services/page_follower_spec.rb": 0.09009242057800293,
  "spec/services/search/page_searcher/single_criterion_search/search_by_layout_spec.rb": 5.9531426429748535,
  "spec/controllers/share/facebooks_controller_spec.rb": 0.2708628177642822,
  "spec/models/ak_log_spec.rb": 0.037264108657836914,
  "spec/services/call_tool/twiml_generator_spec.rb": 2.1804330348968506,
  "spec/services/action_collator_spec.rb": 0.06440138816833496,
  "spec/services/default_form_builder_spec.rb": 0.41573405265808105,
  "spec/controllers/plugins/thermometers_controller_spec.rb": 0.06485319137573242,
  "spec/models/campaign_spec.rb": 0.08189773559570312,
  "spec/requests/form_elements_spec.rb": 0.7679884433746338,
  "spec/liquid/liquid_helper_spec.rb": 0.6001639366149902,
  "spec/requests/api/stateless/braintree/transactions_spec.rb": 0.3502068519592285,
  "spec/requests/api/stateless/braintree/subscriptions_spec.rb": 0.4981260299682617,
  "spec/liquid/champaign_liquid_filters_spec.rb": 0.021637916564941406,
  "spec/lib/donations/band_finder_spec.rb": 0.13377642631530762,
  "spec/requests/api/stateless/auth_spec.rb": 0.3560669422149658,
  "spec/lib/payment_processor/braintree/transaction_spec.rb": 1.5442087650299072,
  "spec/services/search/page_searcher/page_searcher_spec.rb": 3.1533384323120117,
  "spec/services/search/page_searcher/single_criterion_search/order_by_search_spec.rb": 2.890329122543335,
  "spec/liquid/page_plugin_switcher_spec.rb": 2.2232089042663574,
  "spec/services/page_service_spec.rb": 0.9196903705596924,
  "spec/services/search/page_searcher/single_criterion_search/search_by_plugin_spec.rb": 2.4932281970977783,
  "spec/helpers/api/analytics_helper_spec.rb": 0.034642696380615234,
  "spec/controllers/plugins/fundraisers_controller_spec.rb": 0.0942845344543457,
  "spec/requests/api/braintree/failure_spec.rb": 13.390662908554077,
  "spec/liquid/liquid_file_system_spec.rb": 0.03593301773071289,
  "spec/lib/user_language_iso_spec.rb": 0.029819250106811523,
  "spec/validators/action_kit_fields_spec.rb": 0.5642743110656738,
  "spec/requests/api/braintree/webhook_spec.rb": 3.705395221710205,
  "spec/services/search/page_searcher/multiple_criterion_search/multiple_search_spec.rb": 2.7485876083374023,
  "spec/services/manage_action_spec.rb": 0.8060715198516846,
  "spec/services/member_authentication_builder_spec.rb": 0.062142372131347656,
  "spec/requests/api/survey_responses_spec.rb": 0.7726905345916748,
  "spec/models/language_spec.rb": 0.02932286262512207,
  "spec/models/share/button_spec.rb": 0.03612256050109863,
  "spec/requests/api/stateless/braintree/payment_methods_spec.rb": 0.2337322235107422,
  "spec/models/payment/braintree/customer_spec.rb": 0.012357711791992188,
  "spec/requests/email_confirmation_spec.rb": 0.12230062484741211,
  "spec/requests/omniauth_with_devise_spec.rb": 0.0473482608795166,
  "spec/lib/donations/utils_spec.rb": 0.08845734596252441,
  "spec/controllers/pages_controller_spec.rb": 0.5832805633544922,
  "spec/services/queue_manager_spec.rb": 0.09585905075073242,
  "spec/requests/api/go_cardless/go_cardless_spec.rb": 60.23577094078064,
  "spec/requests/api/stateless/members_spec.rb": 0.17707562446594238,
  "spec/lib/payment_processor/go_cardless/webhook_signature_spec.rb": 0.007675886154174805,
  "spec/models/plugins/petition_spec.rb": 1.8407070636749268,
  "spec/controllers/links_controller_spec.rb": 0.05851292610168457,
  "spec/routing/liquid_layouts_routing_spec.rb": 0.02523207664489746,
  "spec/lib/payment_processor/braintree/subscription_spec.rb": 0.6307127475738525,
  "spec/services/auth_token_verifier_spec.rb": 0.17101025581359863,
  "spec/requests/pages_spec.rb": 0.3390505313873291,
  "spec/requests/twilio/calls_spec.rb": 2.7487430572509766,
  "spec/requests/api/calls_spec.rb": 1.6337475776672363,
  "spec/models/link_spec.rb": 0.254469633102417,
  "spec/lib/payment_processor_spec.rb": 0.009385108947753906,
  "spec/requests/api/stateless/location_spec.rb": 0.05326342582702637,
  "spec/controllers/clone_pages_controller_spec.rb": 0.11273598670959473,
  "spec/services/search/page_searcher/single_criterion_search/search_by_language_spec.rb": 3.1795620918273926,
  "spec/services/call_tool/call_status_spec.rb": 0.5828289985656738,
  "spec/models/liquid_layout_spec.rb": 0.1767275333404541,
  "spec/services/call_tool/checksum_validator_spec.rb": 0.01613640785217285,
  "spec/requests/api/go_cardless/webhooks_spec.rb": 0.4436933994293213,
  "spec/routing/pages_routing_spec.rb": 0.08701944351196289,
  "spec/services/payment_method_fetcher_spec.rb": 0.08649158477783203,
  "spec/services/call_tool/exposed_data_spec.rb": 0.017555952072143555,
  "spec/models/call_spec.rb": 0.8268325328826904,
  "spec/services/direct_debit_decider_spec.rb": 0.2827115058898926,
  "spec/liquid/liquid_tag_finder_spec.rb": 0.24827075004577637,
  "spec/services/search/page_searcher/single_criterion_search/search_by_text_content_spec.rb": 0.3657865524291992,
  "spec/controllers/member_authentications_controller_spec.rb": 0.04704141616821289,
  "spec/lib/analytics/analytics_spec.rb": 0.1248927116394043,
  "spec/requests/api/stateless/go_cardless/payment_method_spec.rb": 0.2810835838317871,
  "spec/controllers/uris_controller_spec.rb": 0.1481013298034668,
  "spec/controllers/api/go_cardless_controller_spec.rb": 0.341031551361084,
  "spec/controllers/images_controller_spec.rb": 0.0926659107208252,
  "spec/services/braintree_services/payment_options_spec.rb": 0.04185009002685547,
  "spec/lib/action_kit/helper_spec.rb": 0.027262449264526367,
  "spec/services/call_creator_spec.rb": 6.426632642745972,
  "spec/models/tag_spec.rb": 0.3574199676513672,
  "spec/controllers/featured_pages_controller_spec.rb": 0.09445571899414062,
  "spec/models/member_spec.rb": 0.32334136962890625,
  "spec/models/payment/braintree/subscription_spec.rb": 0.1600039005279541,
  "spec/controllers/donation_bands_controller_spec.rb": 0.1767139434814453,
  "spec/models/action_spec.rb": 0.24274730682373047,
  "spec/liquid/liquid_renderer_spec.rb": 4.3947343826293945,
  "spec/models/plugins/fundraiser_spec.rb": 2.0809099674224854,
  "spec/requests/api/email_targets_spec.rb": 0.27057838439941406,
  "spec/requests/page_archives_spec.rb": 0.22207975387573242,
  "spec/models/image_spec.rb": 0.17845654487609863,
  "spec/controllers/liquid_partials_controller_spec.rb": 0.40497422218322754,
  "spec/controllers/liquid_layouts_controller_spec.rb": 0.25032520294189453,